,loss,accuracy,macro_precision,macro_recall,macro_f1,weighted_f1,micro_f1,roc_auc_macro_ovr,roc_auc_weighted_ovr,num_classes,class_names,confusion_matrix,classification_report,y_true,y_pred,y_prob,type
0,0.40771251111417206,0.8823529411764706,0.8791254018946414,0.8819663969574841,0.8799122122205306,0.8826361232122183,0.8823529411764706,0.9829863732461095,0.9833247114405707,6,"['addition-subtraction', 'subtraction', 'division-multiplication', 'algebra', 'otro', 'geometry']","[[182   6   9   1   1  18]
 [  4 149   5   2   1   9]
 [  7  23 213   2   0   8]
 [  0   1   4 242   8   0]
 [  1   0   1  10 167   1]
 [  9   7   9   0   1 157]]","{'addition-subtraction': {'precision': 0.896551724137931, 'recall': 0.8387096774193549, 'f1-score': 0.8666666666666667, 'support': 217.0}, 'subtraction': {'precision': 0.8010752688172043, 'recall': 0.8764705882352941, 'f1-score': 0.8370786516853933, 'support': 170.0}, 'division-multiplication': {'precision': 0.8838174273858921, 'recall': 0.841897233201581, 'f1-score': 0.8623481781376519, 'support': 253.0}, 'algebra': {'precision': 0.9416342412451362, 'recall': 0.9490196078431372, 'f1-score': 0.9453125, 'support': 255.0}, 'otro': {'precision': 0.9382022471910112, 'recall': 0.9277777777777778, 'f1-score': 0.9329608938547486, 'support': 180.0}, 'geometry': {'precision': 0.8134715025906736, 'recall': 0.8579234972677595, 'f1-score': 0.8351063829787234, 'support': 183.0}, 'accuracy': 0.8823529411764706, 'macro avg': {'precision': 0.8791254018946414, 'recall': 0.8819663969574841, 'f1-score': 0.8799122122205306, 'support': 1258.0}, 'weighted avg': {'precision': 0.8841007551283558, 'recall': 0.8823529411764706, 'f1-score': 0.8826361232122183, 'support': 1258.0}}",[3 4 1 ... 2 1 3],[3 4 1 ... 2 1 3],"[[8.3324121e-05 3.4431895e-04 2.9815335e-04 9.9879348e-01 4.5522174e-04
  2.5546184e-05]
 [2.9209834e-06 1.5634652e-05 9.8180781e-06 1.3271033e-05 9.9995625e-01
  2.0677921e-06]
 [2.3035664e-04 9.9818712e-01 1.4414905e-03 6.0350681e-05 2.2014781e-05
  5.8644866e-05]
 ...
 [2.5390534e-04 3.5881408e-04 9.9859732e-01 2.4688119e-04 3.2893507e-04
  2.1420159e-04]
 [4.2680863e-04 9.9475574e-01 3.3645844e-03 8.5268449e-04 5.9517177e-05
  5.4057140e-04]
 [2.2741892e-04 5.8570306e-04 1.3976135e-04 9.9827814e-01 4.8876158e-04
  2.8011904e-04]]",val
1,0.4083601759897696,0.8680445151033387,0.8686240757955964,0.8639723197459754,0.8655373046381678,0.8680045913465375,0.8680445151033387,0.9829953722420662,0.9834976981505236,6,"['addition-subtraction', 'subtraction', 'division-multiplication', 'algebra', 'otro', 'geometry']","[[177   9  16   0   0  15]
 [  6 148   9   3   0   4]
 [  8  14 222   3   0   7]
 [  1   3   3 242   6   0]
 [  2   1   3  14 159   1]
 [ 16   8  12   2   0 144]]","{'addition-subtraction': {'precision': 0.8428571428571429, 'recall': 0.815668202764977, 'f1-score': 0.8290398126463701, 'support': 217.0}, 'subtraction': {'precision': 0.8087431693989071, 'recall': 0.8705882352941177, 'f1-score': 0.8385269121813032, 'support': 170.0}, 'division-multiplication': {'precision': 0.8377358490566038, 'recall': 0.8740157480314961, 'f1-score': 0.8554913294797688, 'support': 254.0}, 'algebra': {'precision': 0.9166666666666666, 'recall': 0.9490196078431372, 'f1-score': 0.9325626204238922, 'support': 255.0}, 'otro': {'precision': 0.9636363636363636, 'recall': 0.8833333333333333, 'f1-score': 0.9217391304347826, 'support': 180.0}, 'geometry': {'precision': 0.8421052631578947, 'recall': 0.7912087912087912, 'f1-score': 0.8158640226628895, 'support': 182.0}, 'accuracy': 0.8680445151033387, 'macro avg': {'precision': 0.8686240757955964, 'recall': 0.8639723197459754, 'f1-score': 0.8655373046381678, 'support': 1258.0}, 'weighted avg': {'precision': 0.8693473353000587, 'recall': 0.8680445151033387, 'f1-score': 0.8680045913465375, 'support': 1258.0}}",[3 0 3 ... 2 0 2],[3 1 3 ... 2 0 2],"[[2.5099732e-02 7.5307558e-05 7.7451975e-04 9.6275949e-01 1.0872155e-02
  4.1880072e-04]
 [1.1384597e-02 9.7748166e-01 5.2153291e-03 1.8134341e-04 1.2677038e-04
  5.6102802e-03]
 [4.8238804e-04 9.6308783e-04 7.8282013e-05 9.9745876e-01 7.8405527e-04
  2.3350041e-04]
 ...
 [2.5518382e-02 1.4830949e-03 8.5122848e-01 6.4524187e-04 2.7738104e-03
  1.1835105e-01]
 [8.8793856e-01 2.1009128e-05 1.9984533e-05 1.0335247e-04 1.3657665e-04
  1.1178047e-01]
 [3.9996736e-05 7.0011207e-05 9.9908602e-01 9.0119129e-06 6.6855122e-05
  7.2806765e-04]]",
