skill,prompt,prompt_id
adición - sustraccion,Genera una pregunta de matemática que combine una suma y una resta con números naturales para estudiantes de educación básica.,P001
adición - sustraccion,Crea una pregunta donde el estudiante tenga que sumar dos cantidades y luego restar una tercera para obtener la respuesta.,P002
adición - sustraccion,Escribe una pregunta de adición y sustracción con números de dos cifras que pueda resolverse mediante operaciones básicas.,P003
adición - sustraccion,Genera una pregunta que permita practicar primero una resta y después una suma usando números naturales sencillos.,P004
adición - sustraccion,Crea una pregunta matemática que incluya tres cantidades y requiera decidir cuándo sumar y cuándo restar para resolverla.,P005
adición - sustraccion,Escribe una pregunta de cálculo que combine adición y sustracción con números menores que cien para educación básica.,P006
adición - sustraccion,Genera una pregunta donde se deba completar una operación combinada de suma y resta encontrando un número que falta.,P007
adición - sustraccion,Crea una pregunta que solicite comparar dos resultados obtenidos mediante una suma y una resta con números naturales.,P008
adición - sustraccion,Escribe una pregunta en la que el estudiante deba resolver dos sumas y una resta para encontrar el resultado final.,P009
adición - sustraccion,Genera una pregunta de adición y sustracción que utilice números de tres cifras y tenga una única respuesta correcta.,P010
adición - sustraccion,Crea una pregunta donde el estudiante deba identificar qué operación de suma o resta permite obtener un resultado indicado.,P011
adición - sustraccion,Escribe una pregunta matemática que incluya una suma incompleta y una resta incompleta para encontrar los valores faltantes.,P012
adición - sustraccion,Genera una pregunta que permita comprobar una resta mediante una suma y solicite determinar si el resultado es correcto.,P013
adición - sustraccion,Crea una pregunta con cuatro números naturales donde sea necesario realizar sumas y restas en el orden adecuado.,P014
adición - sustraccion,Escribe una pregunta para practicar cálculo mental combinando una suma y una resta con números menores que cincuenta.,P015
adición - sustraccion,Genera una pregunta donde se presenten dos expresiones con sumas y restas y se deba indicar cuál resultado es mayor.,P016
adición - sustraccion,Crea una pregunta de adición y sustracción que requiera encontrar el valor inicial a partir de un resultado final conocido.,P017
adición - sustraccion,Escribe una pregunta donde el estudiante tenga que corregir el resultado de una operación que combina suma y resta.,P018
adición - sustraccion,Genera una pregunta con números naturales consecutivos que requiera realizar una adición y una sustracción para resolverla.,P019
adición - sustraccion,Crea una pregunta que evalúe el dominio de sumas y restas mediante una expresión numérica con tres operaciones sencillas.,P020
sustracción,Genera una pregunta de sustracción con números naturales de dos cifras para que un estudiante encuentre la diferencia correcta.,P021
sustracción,Crea una pregunta donde el estudiante tenga que restar un número de tres cifras de otro número mayor.,P022
sustracción,Escribe una pregunta de sustracción que incluya un valor desconocido y solicite encontrar el número que falta.,P023
sustracción,Genera una pregunta para practicar una resta con reagrupación usando números naturales apropiados para educación básica.,P024
sustracción,Crea una pregunta de cálculo mental basada únicamente en una sustracción con números menores que cien.,P025
sustracción,Escribe una pregunta donde se presenten dos restas y el estudiante tenga que determinar cuál resultado es mayor.,P026
sustracción,Genera una pregunta que solicite comprobar mediante cálculo si una sustracción presentada tiene un resultado correcto.,P027
sustracción,Crea una pregunta de sustracción con números de cuatro cifras que tenga una única respuesta numérica correcta.,P028
sustracción,Escribe una pregunta donde el estudiante deba completar los dígitos faltantes de una operación de sustracción.,P029
sustracción,Genera una pregunta que pida ordenar tres diferencias de menor a mayor después de resolver las sustracciones correspondientes.,P030
sustracción,Crea una pregunta de sustracción donde el resultado sea conocido y se deba encontrar uno de los números iniciales.,P031
sustracción,Escribe una pregunta que permita practicar la resta de decenas completas utilizando únicamente números naturales.,P032
sustracción,Genera una pregunta donde el estudiante tenga que elegir entre varias restas cuál produce una diferencia indicada.,P033
sustracción,Crea una pregunta de sustracción que incluya un número cercano a una centena para practicar el cálculo preciso.,P034
sustracción,Escribe una pregunta donde se deban resolver dos sustracciones consecutivas para obtener un único resultado final.,P035
sustracción,Genera una pregunta de sustracción con números naturales que permita identificar y corregir un error de cálculo.,P036
sustracción,Crea una pregunta donde el estudiante compare la diferencia entre dos pares distintos de números naturales.,P037
sustracción,Escribe una pregunta de sustracción que requiera calcular cuánto falta para pasar de un número menor a uno mayor.,P038
sustracción,Genera una pregunta para practicar una resta con ceros intermedios en el número mayor y obtener la diferencia.,P039
sustracción,Crea una pregunta que evalúe la sustracción mediante un número desconocido colocado como sustraendo en una operación.,P040
división-multiplicación,Genera una pregunta que combine una multiplicación y una división con números naturales y produzca un resultado entero.,P041
división-multiplicación,Crea una pregunta donde el estudiante deba multiplicar dos números y luego dividir el resultado por otro número.,P042
división-multiplicación,Escribe una pregunta que permita practicar una división exacta y comprobar el resultado mediante una multiplicación.,P043
división-multiplicación,Genera una pregunta de multiplicación con dos factores y una división posterior adecuada para estudiantes de educación básica.,P044
división-multiplicación,Crea una pregunta donde falte un factor y sea necesario utilizar multiplicación o división para encontrar su valor.,P045
división-multiplicación,Escribe una pregunta que presente dos multiplicaciones y solicite determinar cuál de sus productos es mayor.,P046
división-multiplicación,Genera una pregunta donde se deba encontrar el divisor desconocido a partir del dividendo y el cociente conocidos.,P047
división-multiplicación,Crea una pregunta que permita practicar tablas de multiplicar y una división exacta utilizando números naturales pequeños.,P048
división-multiplicación,Escribe una pregunta donde el estudiante compare el resultado de una multiplicación con el resultado de una división.,P049
división-multiplicación,Genera una pregunta con tres números naturales que requiera decidir si corresponde multiplicar o dividir para resolverla.,P050
división-multiplicación,Crea una pregunta donde se presente una multiplicación incompleta y el estudiante tenga que encontrar el factor faltante.,P051
división-multiplicación,Escribe una pregunta de división exacta donde el cociente tenga dos cifras y pueda verificarse con una multiplicación.,P052
división-multiplicación,Genera una pregunta que incluya dos divisiones exactas y solicite ordenar sus cocientes de menor a mayor.,P053
división-multiplicación,Crea una pregunta para practicar multiplicación por diez y división entre diez utilizando únicamente números naturales.,P054
división-multiplicación,Escribe una pregunta donde se deba completar una igualdad que contenga una multiplicación y una división.,P055
división-multiplicación,Genera una pregunta que solicite identificar cuál multiplicación corresponde correctamente a una división exacta presentada.,P056
división-multiplicación,Crea una pregunta con números naturales donde una multiplicación permita obtener el dividendo necesario para una división.,P057
división-multiplicación,Escribe una pregunta donde el estudiante tenga que corregir un resultado equivocado de multiplicación o división.,P058
división-multiplicación,Genera una pregunta que combine dos multiplicaciones sencillas y una división exacta para encontrar el resultado final.,P059
división-multiplicación,Crea una pregunta para evaluar multiplicación y división mediante una expresión numérica breve con operaciones exactas.,P060
álgebra,Genera una pregunta de álgebra sencilla donde el estudiante tenga que encontrar el valor de una letra desconocida.,P061
álgebra,Crea una pregunta con una igualdad que incluya una variable y una suma para encontrar el valor faltante.,P062
álgebra,Escribe una pregunta algebraica donde una variable aparezca en una resta y tenga que ser determinada.,P063
álgebra,Genera una pregunta con una multiplicación y una variable desconocida que pueda resolverse usando números naturales.,P064
álgebra,Crea una pregunta con una división sencilla donde el dividendo sea una variable y el cociente sea conocido.,P065
álgebra,Escribe una pregunta que pida completar una secuencia numérica y expresar la regla mediante una operación sencilla.,P066
álgebra,Genera una pregunta donde el estudiante determine si dos expresiones algebraicas sencillas tienen el mismo valor.,P067
álgebra,Crea una pregunta que incluya una variable en ambos lados de una igualdad muy sencilla para educación básica.,P068
álgebra,Escribe una pregunta donde el estudiante sustituya un valor dado en una expresión algebraica y calcule el resultado.,P069
álgebra,Genera una pregunta para identificar cuál valor de una variable hace verdadera una igualdad matemática sencilla.,P070
álgebra,Crea una pregunta donde se deba escribir una expresión algebraica sencilla a partir de una relación entre números.,P071
álgebra,Escribe una pregunta que presente una expresión con una variable y solicite calcularla para dos valores diferentes.,P072
álgebra,Genera una pregunta donde el estudiante encuentre el término desconocido de un patrón numérico creciente sencillo.,P073
álgebra,Crea una pregunta algebraica que utilice una letra para representar un número desconocido en una operación de suma.,P074
álgebra,Escribe una pregunta donde una variable represente un factor desconocido y deba encontrarse usando una multiplicación.,P075
álgebra,Genera una pregunta que pida seleccionar cuál expresión algebraica representa correctamente una igualdad numérica dada.,P076
álgebra,Crea una pregunta donde el estudiante complete una tabla numérica sencilla siguiendo una regla expresada con una variable.,P077
álgebra,Escribe una pregunta algebraica donde sea necesario descubrir una regla sencilla observando varios pares de números.,P078
álgebra,Genera una pregunta que incluya dos valores posibles para una variable y solicite indicar cuál satisface la igualdad.,P079
álgebra,"Crea una pregunta de álgebra elemental que combine una variable, una suma y una multiplicación con números pequeños.",P080
geometría,Genera una pregunta de geometría que permita identificar una figura plana según su número de lados y vértices.,P081
geometría,Crea una pregunta donde el estudiante tenga que calcular el perímetro de un rectángulo con medidas enteras dadas.,P082
geometría,Escribe una pregunta para calcular el perímetro de un cuadrado conociendo la medida de uno de sus lados.,P083
geometría,Genera una pregunta donde se comparen dos figuras geométricas según la cantidad de lados que posee cada una.,P084
geometría,Crea una pregunta que solicite identificar cuántos vértices tiene una figura geométrica plana indicada por su nombre.,P085
geometría,Escribe una pregunta donde el estudiante tenga que calcular el área de un rectángulo con medidas naturales sencillas.,P086
geometría,Genera una pregunta para calcular el área de un cuadrado a partir de la longitud conocida de su lado.,P087
geometría,"Crea una pregunta que permita diferenciar un triángulo, un cuadrado y un rectángulo mediante sus propiedades geométricas.",P088
geometría,Escribe una pregunta donde el estudiante determine la medida de un lado faltante conociendo el perímetro de un rectángulo.,P089
geometría,Genera una pregunta de geometría que solicite clasificar un triángulo según la longitud de sus lados.,P090
geometría,Crea una pregunta donde el estudiante identifique cuál figura tiene cuatro lados iguales y cuatro ángulos rectos.,P091
geometría,Escribe una pregunta para determinar cuántos lados y vértices tiene un pentágono y expresar ambos valores.,P092
geometría,Genera una pregunta donde se deba comparar el perímetro de dos cuadrados con diferentes longitudes de lado.,P093
geometría,Crea una pregunta que solicite reconocer líneas paralelas y perpendiculares mediante una descripción escrita sencilla.,P094
geometría,"Escribe una pregunta donde el estudiante tenga que identificar un ángulo recto, agudo u obtuso según su medida.",P095
geometría,Genera una pregunta que permita calcular la medida de un lado de un cuadrado conociendo su perímetro.,P096
geometría,Crea una pregunta donde se comparen las áreas de dos rectángulos a partir de sus medidas de largo y ancho.,P097
geometría,"Escribe una pregunta de geometría que solicite identificar una figura tridimensional según sus caras, aristas y vértices.",P098
geometría,Genera una pregunta donde el estudiante tenga que determinar cuántos ejes de simetría tiene una figura geométrica sencilla.,P099
geometría,"Crea una pregunta que evalúe el reconocimiento de círculo, triángulo, cuadrado y rectángulo mediante propiedades escritas.",P100
